<?xml version="1.0" encoding="utf-8"?>
<manifest identifier="_5eueMn1cmxs_course_id" version="1.0" xmlns="http://www.imsproject.org/xsd/imscp_rootv1p1p2" xmlns:adlcp="http://www.adlnet.org/xsd/adlcp_rootv1p2" xmlns:xsi="http://www.w3.org/2001/XMLSchema-instance" xsi:schemaLocation="http://www.imsproject.org/xsd/imscp_rootv1p1p2 imscp_rootv1p1p2.xsd http://www.imsglobal.org/xsd/imsmd_rootv1p2p1 imsmd_rootv1p2p1.xsd http://www.adlnet.org/xsd/adlcp_rootv1p2 adlcp_rootv1p2.xsd">
  <metadata>
    <schema>ADL SCORM</schema>
    <schemaversion>1.2</schemaversion>
    <lom xmlns="http://www.imsglobal.org/xsd/imsmd_rootv1p2p1" xmlns:xsi="http://www.w3.org/2001/XMLSchema-instance" xsi:schemaLocation="http://www.imsglobal.org/xsd/imsmd_rootv1p2p1 imsmd_rootv1p2p1.xsd">
      <general>
        <title>
          <langstring xml:lang="x-none">eduttov1.5_keyfeature</langstring>
        </title>
      </general>
      <lifecycle>
        <version>
          <langstring xml:lang="x-none">1</langstring>
        </version>
        <status>
          <source>
            <langstring xml:lang="x-none">LOMv1.0</langstring>
          </source>
          <value>
            <langstring xml:lang="x-none">Final</langstring>
          </value>
        </status>
      </lifecycle>
      <metametadata>
        <metadatascheme>ADL SCORM 1.2</metadatascheme>
      </metametadata>
      <educational>
        <typicallearningtime>
          <datetime>PT0H0M0S</datetime>
        </typicallearningtime>
      </educational>
      <rights>
        <cost>
          <source>
            <langstring xml:lang="x-none">LOMv1.0</langstring>
          </source>
          <value>
            <langstring xml:lang="x-none">yes</langstring>
          </value>
        </cost>
        <copyrightandotherrestrictions>
          <source>
            <langstring xml:lang="x-none">LOMv1.0</langstring>
          </source>
          <value>
            <langstring xml:lang="x-none">yes</langstring>
          </value>
        </copyrightandotherrestrictions>
      </rights>
    </lom>
  </metadata>
  <organizations default="eduttov1.5_keyfeature_ORG">
    <organization identifier="eduttov1.5_keyfeature_ORG">
      <title>eduttov1.5_keyfeature</title>
      <item identifier="eduttov1.5_keyfeature_SCO" isvisible="true" identifierref="__5eueMn1cmxs_course_id_RES">
        <title>eduttov1.5_keyfeature</title>
      </item>
    </organization>
  </organizations>
  <resources>
    <resource identifier="__5eueMn1cmxs_course_id_RES" type="webcontent" href="index_lms.html" adlcp:scormtype="sco">
      <file href="story_content/thumbnail.jpg" />
      <file href="story_content/5kZxv8QEqW0_80_DX1360_DY1360.jpg" />
      <file href="mobile/5kZxv8QEqW0_80_DX1360_DY1360_CX680_CY508.jpg" />
      <file href="story_content/69M4pJYYbPf_80_DX1440_DY1440.jpg" />
      <file href="mobile/69M4pJYYbPf_80_DX1440_DY1440_CX720_CY392.jpg" />
      <file href="story_content/6W5dBfROLBS_80_DX1440_DY1440.jpg" />
      <file href="mobile/6W5dBfROLBS_80_DX1440_DY1440_CX720_CY397.jpg" />
      <file href="story_content/6ZtbFJoEFhF_80_DX1440_DY1440.jpg" />
      <file href="mobile/6ZtbFJoEFhF_80_DX1440_DY1440_CX720_CY379.jpg" />
      <file href="story_content/6NCdXkxI9Qj_80_DX1440_DY1440.jpg" />
      <file href="mobile/6NCdXkxI9Qj_80_DX1440_DY1440_CX720_CY402.jpg" />
      <file href="meta.xml" />
      <file href="story_content/frame.xml" />
      <file href="story_content/frame.js" />
      <file href="story_content/user.js" />
      <file href="story_unsupported.html" />
      <file href="mobile/player.css" />
      <file href="mobile/player_compiled.js" />
      <file href="story_content/FontFactory.swf" />
      <file href="story_content/fonts.swf" />
      <file href="mobile/fonts.js" />
      <file href="story.swf" />
      <file href="story_content/frame.swf" />
      <file href="story_content/slides/6BG30oOYY0w.swf" />
      <file href="story_content/slides/6ahJ7uiifOY.swf" />
      <file href="story_content/slides/5mpa5I4zWBX.swf" />
      <file href="story_content/slides/6nnKRgop3ud.swf" />
      <file href="story_content/slides/5gWBbQs3EIG.swf" />
      <file href="mobile/slides/5gWBbQs3EIG.js" />
      <file href="mobile/slides/6BG30oOYY0w.js" />
      <file href="mobile/slides/6ahJ7uiifOY.js" />
      <file href="mobile/slides/6nnKRgop3ud.js" />
      <file href="mobile/slides/5mpa5I4zWBX.js" />
      <file href="story_content/data.swf" />
      <file href="mobile/data.js" />
      <file href="mobile/masks.js" />
      <file href="story.html" />
      <file href="story_html5.html" />
      <file href="index_lms_html5.html" />
      <file href="story_content/blank.html" />
      <file href="story_content/story.js" />
      <file href="index_lms.html" />
      <file href="lms/AICCComm.html" />
      <file href="lms/AICCFunctions.js" />
      <file href="lms/API.js" />
      <file href="lms/APIConstants.js" />
      <file href="lms/blank.html" />
      <file href="lms/browsersniff.js" />
      <file href="lms/Configuration.js" />
      <file href="lms/goodbye.html" />
      <file href="lms/lms.js" />
      <file href="lms/LMSAPI.js" />
      <file href="lms/NONEFunctions.js" />
      <file href="lms/SCORM2004Functions.js" />
      <file href="lms/SCORMFunctions.js" />
      <file href="lms/UtilityFunctions.js" />
    </resource>
  </resources>
</manifest>